timestamp,version,page_size,status,latency_ms,server_handler_ms,sql_statements,items_returned,inquiries_returned
2026-09-28T12:15:53.445,naive,10,200,7.484,5.125,11,10,10
2026-09-28T12:15:53.453,naive,10,200,8.0,5.428,11,10,10
2026-09-28T12:15:53.461,naive,10,200,7.921,5.419,11,10,10
2026-09-28T12:15:53.469,naive,10,200,7.903,5.471,11,10,10
2026-09-28T12:15:53.476,naive,10,200,7.48,4.878,11,10,10
2026-09-28T12:15:53.484,naive,10,200,7.457,4.747,11,10,10
2026-09-28T12:15:53.492,naive,10,200,7.966,5.433,11,10,10
2026-09-28T12:15:53.501,naive,10,200,8.623,5.908,11,10,10
2026-09-28T12:15:53.508,naive,10,200,7.138,4.522,11,10,10
2026-09-28T12:15:53.516,naive,10,200,7.984,5.2,11,10,10
2026-09-28T12:15:53.524,naive,10,200,7.862,5.477,11,10,10
2026-09-28T12:15:53.532,naive,10,200,7.927,5.423,11,10,10
2026-09-28T12:15:53.540,naive,10,200,7.881,4.821,11,10,10
2026-09-28T12:15:53.547,naive,10,200,7.755,4.983,11,10,10
2026-09-28T12:15:53.556,naive,10,200,8.052,5.531,11,10,10
2026-09-28T12:15:53.563,naive,10,200,7.877,5.458,11,10,10
2026-09-28T12:15:53.571,naive,10,200,7.7,5.294,11,10,10
2026-09-28T12:15:53.578,naive,10,200,6.841,4.528,11,10,10
2026-09-28T12:15:53.585,naive,10,200,7.206,4.797,11,10,10
2026-09-28T12:15:53.593,naive,10,200,8.025,5.498,11,10,10
2026-09-28T12:15:53.602,naive,10,200,8.953,6.184,11,10,10
2026-09-28T12:15:53.611,naive,10,200,8.826,5.898,11,10,10
2026-09-28T12:15:53.619,naive,10,200,8.142,5.389,11,10,10
2026-09-28T12:15:53.628,naive,10,200,8.006,5.478,11,10,10
2026-09-28T12:15:53.636,naive,10,200,8.609,5.977,11,10,10
2026-09-28T12:15:53.643,naive,10,200,6.802,4.306,11,10,10
2026-09-28T12:15:53.651,naive,10,200,7.681,5.169,11,10,10
2026-09-28T12:15:53.659,naive,10,200,8.204,5.789,11,10,10
2026-09-28T12:15:53.667,naive,10,200,8.095,5.677,11,10,10
2026-09-28T12:15:53.674,naive,10,200,7.062,4.726,11,10,10
2026-09-28T12:15:53.692,fixed,10,200,4.071,1.606,2,10,10
2026-09-28T12:15:53.697,fixed,10,200,4.134,1.636,2,10,10
2026-09-28T12:15:53.701,fixed,10,200,4.238,1.73,2,10,10
2026-09-28T12:15:53.705,fixed,10,200,4.077,1.468,2,10,10
2026-09-28T12:15:53.709,fixed,10,200,3.978,1.544,2,10,10
2026-09-28T12:15:53.713,fixed,10,200,3.849,1.456,2,10,10
2026-09-28T12:15:53.717,fixed,10,200,3.757,1.427,2,10,10
2026-09-28T12:15:53.721,fixed,10,200,4.458,1.456,2,10,10
2026-09-28T12:15:53.726,fixed,10,200,4.453,1.857,2,10,10
2026-09-28T12:15:53.730,fixed,10,200,4.254,1.678,2,10,10
2026-09-28T12:15:53.735,fixed,10,200,4.604,2.101,2,10,10
2026-09-28T12:15:53.739,fixed,10,200,4.084,1.494,2,10,10
2026-09-28T12:15:53.743,fixed,10,200,4.338,1.814,2,10,10
2026-09-28T12:15:53.747,fixed,10,200,4.083,1.629,2,10,10
2026-09-28T12:15:53.751,fixed,10,200,3.787,1.375,2,10,10
2026-09-28T12:15:53.755,fixed,10,200,3.897,1.52,2,10,10
2026-09-28T12:15:53.759,fixed,10,200,3.978,1.589,2,10,10
2026-09-28T12:15:53.763,fixed,10,200,3.969,1.566,2,10,10
2026-09-28T12:15:53.767,fixed,10,200,4.273,1.832,2,10,10
2026-09-28T12:15:53.771,fixed,10,200,4.021,1.488,2,10,10
2026-09-28T12:15:53.775,fixed,10,200,3.635,1.407,2,10,10
2026-09-28T12:15:53.779,fixed,10,200,3.961,1.5,2,10,10
2026-09-28T12:15:53.783,fixed,10,200,3.652,1.439,2,10,10
2026-09-28T12:15:53.787,fixed,10,200,3.76,1.572,2,10,10
2026-09-28T12:15:53.791,fixed,10,200,3.986,1.561,2,10,10
2026-09-28T12:15:53.795,fixed,10,200,4.072,1.612,2,10,10
2026-09-28T12:15:53.799,fixed,10,200,3.958,1.57,2,10,10
2026-09-28T12:15:53.803,fixed,10,200,4.459,1.694,2,10,10
2026-09-28T12:15:53.807,fixed,10,200,3.758,1.391,2,10,10
2026-09-28T12:15:53.811,fixed,10,200,4.051,1.515,2,10,10
2026-09-28T12:15:53.917,naive,50,200,24.75,21.967,51,50,44
2026-09-28T12:15:53.943,naive,50,200,25.853,23.22,51,50,44
2026-09-28T12:15:53.970,naive,50,200,26.393,23.544,51,50,44
2026-09-28T12:15:53.997,naive,50,200,27.04,24.112,51,50,44
2026-09-28T12:15:54.021,naive,50,200,24.469,21.522,51,50,44
2026-09-28T12:15:54.047,naive,50,200,25.502,22.609,51,50,44
2026-09-28T12:15:54.073,naive,50,200,25.734,22.94,51,50,44
2026-09-28T12:15:54.098,naive,50,200,25.475,22.796,51,50,44
2026-09-28T12:15:54.124,naive,50,200,25.469,22.418,51,50,44
2026-09-28T12:15:54.148,naive,50,200,23.807,21.031,51,50,44
2026-09-28T12:15:54.174,naive,50,200,25.777,22.85,51,50,44
2026-09-28T12:15:54.201,naive,50,200,27.038,23.805,51,50,44
2026-09-28T12:15:54.227,naive,50,200,26.18,23.062,51,50,44
2026-09-28T12:15:54.252,naive,50,200,24.604,21.852,51,50,44
2026-09-28T12:15:54.279,naive,50,200,26.636,23.928,51,50,44
2026-09-28T12:15:54.304,naive,50,200,25.576,22.819,51,50,44
2026-09-28T12:15:54.330,naive,50,200,25.584,22.88,51,50,44
2026-09-28T12:15:54.355,naive,50,200,24.489,21.437,51,50,44
2026-09-28T12:15:54.381,naive,50,200,26.09,23.069,51,50,44
2026-09-28T12:15:54.407,naive,50,200,26.271,23.241,51,50,44
2026-09-28T12:15:54.434,naive,50,200,26.872,23.703,51,50,44
2026-09-28T12:15:54.463,naive,50,200,28.158,24.89,51,50,44
2026-09-28T12:15:54.488,naive,50,200,24.909,22.146,51,50,44
2026-09-28T12:15:54.513,naive,50,200,25.719,22.846,51,50,44
2026-09-28T12:15:54.540,naive,50,200,26.493,23.584,51,50,44
2026-09-28T12:15:54.566,naive,50,200,26.005,23.126,51,50,44
2026-09-28T12:15:54.593,naive,50,200,26.344,22.78,51,50,44
2026-09-28T12:15:54.618,naive,50,200,24.909,22.151,51,50,44
2026-09-28T12:15:54.643,naive,50,200,25.389,22.704,51,50,44
2026-09-28T12:15:54.670,naive,50,200,26.852,24.118,51,50,44
2026-09-28T12:15:54.693,fixed,50,200,5.683,3.066,2,50,44
2026-09-28T12:15:54.698,fixed,50,200,4.957,2.386,2,50,44
2026-09-28T12:15:54.704,fixed,50,200,5.732,3.011,2,50,44
2026-09-28T12:15:54.709,fixed,50,200,5.161,2.587,2,50,44
2026-09-28T12:15:54.714,fixed,50,200,5.413,2.799,2,50,44
2026-09-28T12:15:54.720,fixed,50,200,5.124,2.574,2,50,44
2026-09-28T12:15:54.725,fixed,50,200,5.378,2.885,2,50,44
2026-09-28T12:15:54.730,fixed,50,200,5.321,2.851,2,50,44
2026-09-28T12:15:54.736,fixed,50,200,5.944,3.28,2,50,44
2026-09-28T12:15:54.742,fixed,50,200,5.15,2.609,2,50,44
2026-09-28T12:15:54.747,fixed,50,200,5.508,2.699,2,50,44
2026-09-28T12:15:54.753,fixed,50,200,5.097,2.619,2,50,44
2026-09-28T12:15:54.758,fixed,50,200,5.435,2.946,2,50,44
2026-09-28T12:15:54.764,fixed,50,200,5.416,2.946,2,50,44
2026-09-28T12:15:54.769,fixed,50,200,4.953,2.53,2,50,44
2026-09-28T12:15:54.774,fixed,50,200,5.382,2.827,2,50,44
2026-09-28T12:15:54.780,fixed,50,200,5.761,3.171,2,50,44
2026-09-28T12:15:54.786,fixed,50,200,5.57,2.946,2,50,44
2026-09-28T12:15:54.791,fixed,50,200,5.489,2.918,2,50,44
2026-09-28T12:15:54.797,fixed,50,200,5.473,2.926,2,50,44
2026-09-28T12:15:54.803,fixed,50,200,5.843,3.256,2,50,44
2026-09-28T12:15:54.808,fixed,50,200,5.3,2.679,2,50,44
2026-09-28T12:15:54.814,fixed,50,200,6.075,3.126,2,50,44
2026-09-28T12:15:54.820,fixed,50,200,5.543,2.878,2,50,44
2026-09-28T12:15:54.826,fixed,50,200,5.426,2.92,2,50,44
2026-09-28T12:15:54.831,fixed,50,200,5.449,2.928,2,50,44
2026-09-28T12:15:54.837,fixed,50,200,5.818,3.079,2,50,44
2026-09-28T12:15:54.842,fixed,50,200,5.252,2.706,2,50,44
2026-09-28T12:15:54.848,fixed,50,200,5.765,3.033,2,50,44
2026-09-28T12:15:54.854,fixed,50,200,5.649,2.857,2,50,44
2026-09-28T12:15:55.233,naive,200,200,93.116,89.547,201,200,200
2026-09-28T12:15:55.327,naive,200,200,93.445,89.949,201,200,200
2026-09-28T12:15:55.418,naive,200,200,90.93,87.4,201,200,200
2026-09-28T12:15:55.511,naive,200,200,92.344,88.897,201,200,200
2026-09-28T12:15:55.607,naive,200,200,95.811,92.171,201,200,200
2026-09-28T12:15:55.701,naive,200,200,94.227,90.726,201,200,200
2026-09-28T12:15:55.793,naive,200,200,91.738,88.079,201,200,200
2026-09-28T12:15:55.886,naive,200,200,92.098,88.593,201,200,200
2026-09-28T12:15:55.980,naive,200,200,93.365,89.923,201,200,200
2026-09-28T12:15:56.066,naive,200,200,85.641,82.16,201,200,200
2026-09-28T12:15:56.154,naive,200,200,88.041,84.496,201,200,200
2026-09-28T12:15:56.245,naive,200,200,91.091,87.633,201,200,200
2026-09-28T12:15:56.338,naive,200,200,92.265,88.814,201,200,200
2026-09-28T12:15:56.432,naive,200,200,93.736,90.427,201,200,200
2026-09-28T12:15:56.524,naive,200,200,91.945,88.357,201,200,200
2026-09-28T12:15:56.619,naive,200,200,93.86,90.107,201,200,200
2026-09-28T12:15:56.713,naive,200,200,94.175,90.616,201,200,200
2026-09-28T12:15:56.807,naive,200,200,93.747,90.382,201,200,200
2026-09-28T12:15:56.902,naive,200,200,94.171,90.544,201,200,200
2026-09-28T12:15:56.993,naive,200,200,91.153,87.381,201,200,200
2026-09-28T12:15:57.087,naive,200,200,93.786,90.324,201,200,200
2026-09-28T12:15:57.181,naive,200,200,92.904,89.469,201,200,200
2026-09-28T12:15:57.299,naive,200,200,117.97,114.632,201,200,200
2026-09-28T12:15:57.393,naive,200,200,94.09,90.382,201,200,200
2026-09-28T12:15:57.486,naive,200,200,92.349,88.868,201,200,200
2026-09-28T12:15:57.578,naive,200,200,92.066,88.605,201,200,200
2026-09-28T12:15:57.676,naive,200,200,96.752,93.294,201,200,200
2026-09-28T12:15:57.766,naive,200,200,89.906,86.208,201,200,200
2026-09-28T12:15:57.858,naive,200,200,92.116,88.411,201,200,200
2026-09-28T12:15:57.952,naive,200,200,93.552,90.013,201,200,200
2026-09-28T12:15:57.994,fixed,200,200,9.688,6.599,2,200,200
2026-09-28T12:15:58.004,fixed,200,200,10.141,6.977,2,200,200
2026-09-28T12:15:58.015,fixed,200,200,9.751,6.564,2,200,200
2026-09-28T12:15:58.025,fixed,200,200,9.624,6.514,2,200,200
2026-09-28T12:15:58.035,fixed,200,200,9.853,6.582,2,200,200
2026-09-28T12:15:58.045,fixed,200,200,9.837,6.219,2,200,200
2026-09-28T12:15:58.055,fixed,200,200,9.99,6.6,2,200,200
2026-09-28T12:15:58.066,fixed,200,200,10.298,6.986,2,200,200
2026-09-28T12:15:58.076,fixed,200,200,9.846,6.465,2,200,200
2026-09-28T12:15:58.086,fixed,200,200,10.125,6.952,2,200,200
2026-09-28T12:15:58.096,fixed,200,200,9.624,6.68,2,200,200
2026-09-28T12:15:58.107,fixed,200,200,9.742,6.826,2,200,200
2026-09-28T12:15:58.117,fixed,200,200,10.415,7.024,2,200,200
2026-09-28T12:15:58.127,fixed,200,200,9.692,6.622,2,200,200
2026-09-28T12:15:58.137,fixed,200,200,9.715,6.664,2,200,200
2026-09-28T12:15:58.148,fixed,200,200,10.166,6.935,2,200,200
2026-09-28T12:15:58.158,fixed,200,200,9.961,6.698,2,200,200
2026-09-28T12:15:58.169,fixed,200,200,10.564,6.834,2,200,200
2026-09-28T12:15:58.179,fixed,200,200,9.596,6.271,2,200,200
2026-09-28T12:15:58.188,fixed,200,200,9.191,6.114,2,200,200
2026-09-28T12:15:58.198,fixed,200,200,9.476,6.538,2,200,200
2026-09-28T12:15:58.209,fixed,200,200,9.885,6.474,2,200,200
2026-09-28T12:15:58.219,fixed,200,200,10.373,6.911,2,200,200
2026-09-28T12:15:58.229,fixed,200,200,9.722,6.609,2,200,200
2026-09-28T12:15:58.239,fixed,200,200,9.559,6.505,2,200,200
2026-09-28T12:15:58.249,fixed,200,200,9.791,6.538,2,200,200
2026-09-28T12:15:58.259,fixed,200,200,9.513,6.593,2,200,200
2026-09-28T12:15:58.270,fixed,200,200,10.102,6.664,2,200,200
2026-09-28T12:15:58.280,fixed,200,200,9.645,6.377,2,200,200
2026-09-28T12:15:58.290,fixed,200,200,9.684,6.322,2,200,200
